"split","Overall","Plane Geometry","Functions","Solid Geometry","Property","Length","Area","Coordinate","Applied","Volume","Angle","Analytic","Expression"
"Vision Only","76.39593908629442","79.01960784313725","77.35849056603774","63.86554621848739","74.64788732394366","79.12087912087912","67.03296703296702","93.75","80.73394495412845","68.62745098039215","77.720207253886","79.06976744186046","68.75"
