"split","Overall","chart","map","web"
"none","0.7408871321914801","0.7382716049382716","0.6468401486988847","0.8590909090909091"
