"split","Overall","Functions","Solid Geometry","Plane Geometry","Area","Applied","Angle","Coordinate","Expression","Property","Length","Volume","Analytic"
"Vision Only","82.23350253807106","80.50314465408806","68.0672268907563","86.07843137254902","76.92307692307693","77.06422018348624","87.56476683937824","93.75","68.75","81.69014084507043","88.46153846153845","70.58823529411765","76.74418604651163"
