"split","Overall","chart","map","web"
"none","0.717610891523935","0.7","0.630731102850062","0.8454545454545455"
