"split","Overall","chart","map","web"
"none","0.7518664909969258","0.754320987654321","0.654275092936803","0.8681818181818182"
