"split","Overall","Solid Geometry","Functions","Plane Geometry","Volume","Property","Coordinate","Angle","Expression","Applied","Analytic","Length","Area"
"Vision Only","71.44670050761421","58.82352941176471","66.66666666666666","75.88235294117646","70.58823529411765","73.23943661971832","75.0","75.12953367875647","37.5","76.14678899082568","65.11627906976744","76.92307692307693","60.43956043956044"
