"split","Overall","chart","map","web"
"none","0.7483530961791831","0.7444444444444445","0.6579925650557621","0.8636363636363636"
